treatment,conversion
0,0.19375880152813366
1,0.30894610674129647
