treatment,conversion
0,5.072092878097497
1,6.3643329681150576
