decile,uplift_pp
10,0.5809693672758893
9,0.08312582836725317
8,0.04903227752859284
7,0.012367393616245536
6,0.01715830571689475
5,-0.0034383358973321893
4,0.005529872537777916
3,-0.00018551246091523982
2,-0.004395043090424322
1,0.32769665527810304
