Policy,Estimated incremental conversions
Target top 5%,1105.5647623201044
Target top 10%,1379.7703877005347
Target top 20%,1713.074495120005
Target top 30%,1870.5844872453895
Target top 50%,2003.458923877628
Target top 100%,2771.100175446104
Treat-none (0%),0.0
