treatment,visit
0,3.8200956919545033
1,4.854336004874331
